canonical,group,priority,aliases
CCTV-1 综合,央视,10,CCTV1|CCTV-1|央视一套|CCTV1综合
CCTV-2 财经,央视,20,CCTV2|CCTV-2|央视二套|CCTV2财经
CCTV-3 综艺,央视,30,CCTV3|CCTV-3|央视三套|CCTV3综艺
CCTV-4 中文国际,央视,40,CCTV4|CCTV-4|央视四套
CCTV-5 体育,央视,50,CCTV5|CCTV-5|央视五套|CCTV5体育
CCTV-5+ 体育赛事,央视,60,CCTV5+|CCTV-5+|体育赛事
CCTV-6 电影,央视,70,CCTV6|CCTV-6|央视六套|CCTV6电影
CCTV-7 国防军事,央视,80,CCTV7|CCTV-7|央视七套
CCTV-8 电视剧,央视,90,CCTV8|CCTV-8|央视八套
CCTV-9 纪录,央视,100,CCTV9|CCTV-9|央视九套
CCTV-10 科教,央视,110,CCTV10|CCTV-10
CCTV-11 戏曲,央视,120,CCTV11|CCTV-11
CCTV-12 社会与法,央视,130,CCTV12|CCTV-12
CCTV-13 新闻,央视,140,CCTV13|CCTV-13|央视新闻
CCTV-14 少儿,央视,150,CCTV14|CCTV-14
CCTV-15 音乐,央视,160,CCTV15|CCTV-15
CCTV-16 奥林匹克,央视,170,CCTV16|CCTV-16
CCTV-17 农业农村,央视,180,CCTV17|CCTV-17
四川卫视,四川省级,200,四川卫视|SCTV卫视
四川新闻,四川省级,210,四川新闻|SCTV4|四川电视台新闻频道
四川经济,四川省级,220,四川经济|SCTV3|四川经济频道
四川影视文艺,四川省级,230,四川影视文艺|SCTV5
四川乡村,四川省级,240,四川乡村|SCTV9
峨眉电影,四川省级,250,峨眉电影|峨眉电影频道
成都新闻综合,成都频道,300,成都新闻综合|CDTV1|成都1
成都经济资讯,成都频道,310,成都经济资讯|CDTV2|成都2
成都都市生活,成都频道,320,成都都市生活|CDTV3|成都3
成都影视文艺,成都频道,330,成都影视文艺|CDTV4|成都4
成都公共,成都频道,340,成都公共|CDTV5|成都5
成都少儿,成都频道,350,成都少儿|CDTV6|成都6
湖南卫视,主流卫视,400,湖南卫视
浙江卫视,主流卫视,410,浙江卫视
江苏卫视,主流卫视,420,江苏卫视
东方卫视,主流卫视,430,东方卫视|上海卫视
北京卫视,主流卫视,440,北京卫视
广东卫视,主流卫视,450,广东卫视
深圳卫视,主流卫视,460,深圳卫视
安徽卫视,主流卫视,470,安徽卫视
山东卫视,主流卫视,480,山东卫视
